time,close
2018-10-03 00:00:00+00:00,0.03397
2018-10-03 06:00:00+00:00,0.03399
2018-10-03 12:00:00+00:00,0.0339
2018-10-03 18:00:00+00:00,0.03391
2018-10-04 00:00:00+00:00,0.03415
2018-10-04 06:00:00+00:00,0.03396
2018-10-04 12:00:00+00:00,0.03388
2018-10-04 18:00:00+00:00,0.03375
2018-10-05 00:00:00+00:00,0.03365
2018-10-05 18:00:00+00:00,0.0344
2018-10-06 00:00:00+00:00,0.03439
2018-10-06 06:00:00+00:00,0.0342
2018-10-06 12:00:00+00:00,0.03412
2018-10-06 18:00:00+00:00,0.0341
2018-10-07 00:00:00+00:00,0.03416
2018-10-07 06:00:00+00:00,0.03392
2018-10-07 18:00:00+00:00,0.03428
2018-10-08 00:00:00+00:00,0.03407
2018-10-08 06:00:00+00:00,0.03401
2018-10-08 12:00:00+00:00,0.0345
2018-10-08 18:00:00+00:00,0.03445
2018-10-09 00:00:00+00:00,0.0346
2018-10-09 06:00:00+00:00,0.03435
2018-10-09 18:00:00+00:00,0.03433
2018-10-10 06:00:00+00:00,0.03431
2018-10-10 12:00:00+00:00,0.03424
2018-10-11 00:00:00+00:00,0.03234
2018-10-11 06:00:00+00:00,0.03161
2018-10-11 12:00:00+00:00,0.03214
2018-10-11 18:00:00+00:00,0.03061
2018-10-12 00:00:00+00:00,0.03106
2018-10-12 06:00:00+00:00,0.03123
2018-10-12 12:00:00+00:00,0.03129
2018-10-12 18:00:00+00:00,0.03128
2018-10-13 00:00:00+00:00,0.03158
2018-10-13 06:00:00+00:00,0.03189
2018-10-13 12:00:00+00:00,0.0318
2018-10-13 18:00:00+00:00,0.03175
2018-10-14 06:00:00+00:00,0.03172
2018-10-14 18:00:00+00:00,0.03101
2018-10-15 00:00:00+00:00,0.03309
2018-10-15 12:00:00+00:00,0.03134
2018-10-15 18:00:00+00:00,0.03177
2018-10-16 06:00:00+00:00,0.03173
2018-10-16 12:00:00+00:00,0.03164
2018-10-16 18:00:00+00:00,0.03181
2018-10-17 06:00:00+00:00,0.03163
2018-10-17 18:00:00+00:00,0.0316
2018-10-18 00:00:00+00:00,0.03162
2018-10-18 06:00:00+00:00,0.03141
2018-10-18 12:00:00+00:00,0.03102
2018-10-18 18:00:00+00:00,0.03117
2018-10-19 00:00:00+00:00,0.0311
2018-10-19 06:00:00+00:00,0.0313
2018-10-19 12:00:00+00:00,0.03137
2018-10-20 00:00:00+00:00,0.03151
2018-10-20 12:00:00+00:00,0.03157
2018-10-21 00:00:00+00:00,0.03171
2018-10-21 06:00:00+00:00,0.03156
2018-10-21 12:00:00+00:00,0.03149
2018-10-21 18:00:00+00:00,0.0315
2018-10-22 00:00:00+00:00,0.03148
2018-10-22 06:00:00+00:00,0.03152
2018-10-22 12:00:00+00:00,0.03138
2018-10-23 06:00:00+00:00,0.03111
2018-10-23 12:00:00+00:00,0.03118
2018-10-23 18:00:00+00:00,0.03144
2018-10-24 00:00:00+00:00,0.03139
2018-10-24 06:00:00+00:00,0.03133
2018-10-24 12:00:00+00:00,0.03126
2018-10-25 00:00:00+00:00,0.03115
2018-10-25 06:00:00+00:00,0.0312
2018-10-25 12:00:00+00:00,0.03119
2018-10-25 18:00:00+00:00,0.03124
2018-10-26 06:00:00+00:00,0.03143
2018-10-26 12:00:00+00:00,0.03125
2018-10-26 18:00:00+00:00,0.03135
2018-10-28 00:00:00+00:00,0.03142
2018-10-28 12:00:00+00:00,0.03155
2018-10-28 18:00:00+00:00,0.03159
2018-10-29 06:00:00+00:00,0.03169
2018-10-29 12:00:00+00:00,0.03094
2018-10-30 12:00:00+00:00,0.03105
2018-10-30 18:00:00+00:00,0.03114
2018-11-01 06:00:00+00:00,0.03116
2018-11-04 00:00:00+00:00,0.03131
2018-11-04 12:00:00+00:00,0.03198
2018-11-04 18:00:00+00:00,0.03271
2018-11-05 00:00:00+00:00,0.03235
2018-11-05 06:00:00+00:00,0.03241
2018-11-05 12:00:00+00:00,0.03231
2018-11-05 18:00:00+00:00,0.03256
2018-11-06 00:00:00+00:00,0.03249
2018-11-06 06:00:00+00:00,0.03288
2018-11-06 12:00:00+00:00,0.03334
2018-11-07 00:00:00+00:00,0.0334
2018-11-07 06:00:00+00:00,0.03371
2018-11-07 12:00:00+00:00,0.03348
2018-11-08 00:00:00+00:00,0.03301
2018-11-08 06:00:00+00:00,0.033
2018-11-08 12:00:00+00:00,0.03298
2018-11-08 18:00:00+00:00,0.03281
2018-11-09 06:00:00+00:00,0.03293
2018-11-09 12:00:00+00:00,0.03282
2018-11-10 00:00:00+00:00,0.03308
2018-11-10 12:00:00+00:00,0.03328
2018-11-10 18:00:00+00:00,0.03311
2018-11-11 00:00:00+00:00,0.03302
2018-11-12 00:00:00+00:00,0.03296
2018-11-13 12:00:00+00:00,0.03279
2018-11-13 18:00:00+00:00,0.03246
2018-11-14 00:00:00+00:00,0.03251
2018-11-14 06:00:00+00:00,0.03207
2018-11-14 12:00:00+00:00,0.03195
2018-11-15 12:00:00+00:00,0.0319
2018-11-15 18:00:00+00:00,0.032
2018-11-16 00:00:00+00:00,0.03194
2018-11-16 12:00:00+00:00,0.03166
2018-11-17 06:00:00+00:00,0.0314
2018-11-17 12:00:00+00:00,0.03122
2018-11-19 00:00:00+00:00,0.03005
2018-11-19 06:00:00+00:00,0.02947
2018-11-19 12:00:00+00:00,0.03021
2018-11-19 18:00:00+00:00,0.03063
2018-11-20 00:00:00+00:00,0.03045
2018-11-20 06:00:00+00:00,0.0299
2018-11-20 12:00:00+00:00,0.03024
2018-11-20 18:00:00+00:00,0.02933
2018-11-21 00:00:00+00:00,0.02925
2018-11-21 06:00:00+00:00,0.02946
2018-11-21 12:00:00+00:00,0.02979
2018-11-21 18:00:00+00:00,0.02965
2018-11-22 00:00:00+00:00,0.02982
2018-11-22 12:00:00+00:00,0.02924
2018-11-22 18:00:00+00:00,0.0289
2018-11-23 00:00:00+00:00,0.02894
2018-11-23 06:00:00+00:00,0.02853
2018-11-23 12:00:00+00:00,0.02802
2018-11-23 18:00:00+00:00,0.02826
2018-11-24 00:00:00+00:00,0.02858
2018-11-24 06:00:00+00:00,0.02819
2018-11-24 12:00:00+00:00,0.02836
2018-11-24 18:00:00+00:00,0.02921
2018-11-25 00:00:00+00:00,0.02835
2018-11-25 06:00:00+00:00,0.0287
2018-11-25 12:00:00+00:00,0.02846
2018-11-25 18:00:00+00:00,0.02903
2018-11-26 00:00:00+00:00,0.0286
2018-11-26 06:00:00+00:00,0.02882
2018-11-26 12:00:00+00:00,0.02862
2018-11-26 18:00:00+00:00,0.02867
2018-11-27 00:00:00+00:00,0.02841
2018-11-27 06:00:00+00:00,0.02793
2018-11-27 12:00:00+00:00,0.02843
2018-11-27 18:00:00+00:00,0.02876
2018-11-28 00:00:00+00:00,0.02857
2018-11-28 06:00:00+00:00,0.02829
2018-11-28 12:00:00+00:00,0.02822
2018-11-28 18:00:00+00:00,0.02883
2018-11-29 06:00:00+00:00,0.0278
2018-11-29 12:00:00+00:00,0.0276
2018-11-29 18:00:00+00:00,0.02742
2018-11-30 00:00:00+00:00,0.02754
2018-11-30 06:00:00+00:00,0.02837
2018-11-30 12:00:00+00:00,0.02828
2018-11-30 18:00:00+00:00,0.0282
2018-12-01 00:00:00+00:00,0.02809
2018-12-01 12:00:00+00:00,0.02804
2018-12-01 18:00:00+00:00,0.02817
2018-12-02 00:00:00+00:00,0.02831
2018-12-02 06:00:00+00:00,0.02815
2018-12-02 12:00:00+00:00,0.02812
2018-12-02 18:00:00+00:00,0.02805
2018-12-03 06:00:00+00:00,0.02821
2018-12-03 12:00:00+00:00,0.02775
2018-12-03 18:00:00+00:00,0.02799
2018-12-04 00:00:00+00:00,0.02807
2018-12-04 06:00:00+00:00,0.02788
2018-12-05 06:00:00+00:00,0.02779
2018-12-05 12:00:00+00:00,0.02756
2018-12-05 18:00:00+00:00,0.02725
2018-12-06 00:00:00+00:00,0.02669
2018-12-06 06:00:00+00:00,0.02635
2018-12-06 12:00:00+00:00,0.02645
2018-12-06 18:00:00+00:00,0.026
2018-12-07 00:00:00+00:00,0.0255
2018-12-07 06:00:00+00:00,0.02519
2018-12-07 12:00:00+00:00,0.02587
2018-12-07 18:00:00+00:00,0.02738
2018-12-08 00:00:00+00:00,0.02688
2018-12-08 06:00:00+00:00,0.02626
2018-12-08 12:00:00+00:00,0.0262
2018-12-08 18:00:00+00:00,0.02656
2018-12-09 00:00:00+00:00,0.02643
2018-12-09 06:00:00+00:00,0.02633
2018-12-09 12:00:00+00:00,0.02674
2018-12-09 18:00:00+00:00,0.02632
2018-12-10 00:00:00+00:00,0.02598
2018-12-10 06:00:00+00:00,0.02609
2018-12-10 12:00:00+00:00,0.02606
2018-12-10 18:00:00+00:00,0.02617
2018-12-11 00:00:00+00:00,0.02651
2018-12-11 06:00:00+00:00,0.02582
2018-12-11 12:00:00+00:00,0.02586
2018-12-12 00:00:00+00:00,0.02595
2018-12-12 06:00:00+00:00,0.02605
2018-12-12 12:00:00+00:00,0.02619
2018-12-12 18:00:00+00:00,0.02594
2018-12-13 00:00:00+00:00,0.02611
2018-12-13 06:00:00+00:00,0.02621
2018-12-13 12:00:00+00:00,0.02642
2018-12-13 18:00:00+00:00,0.0261
2018-12-14 00:00:00+00:00,0.02614
2018-12-14 06:00:00+00:00,0.02601
2018-12-14 12:00:00+00:00,0.02615
2018-12-14 18:00:00+00:00,0.02599
2018-12-15 06:00:00+00:00,0.02613
2018-12-16 00:00:00+00:00,0.02644
2018-12-16 06:00:00+00:00,0.02655
2018-12-16 12:00:00+00:00,0.02658
2018-12-16 18:00:00+00:00,0.02616
2018-12-17 06:00:00+00:00,0.0263
2018-12-17 18:00:00+00:00,0.02684
2018-12-18 06:00:00+00:00,0.02678
2018-12-18 12:00:00+00:00,0.02681
2018-12-18 18:00:00+00:00,0.02748
2018-12-19 00:00:00+00:00,0.02747
2018-12-19 06:00:00+00:00,0.02724
2018-12-19 18:00:00+00:00,0.02698
2018-12-20 00:00:00+00:00,0.02706
2018-12-20 06:00:00+00:00,0.02687
2018-12-20 18:00:00+00:00,0.02816
2018-12-21 18:00:00+00:00,0.028
2018-12-22 06:00:00+00:00,0.02863
2018-12-22 12:00:00+00:00,0.02865
2018-12-22 18:00:00+00:00,0.02915
2018-12-23 00:00:00+00:00,0.03211
2018-12-23 06:00:00+00:00,0.03242
2018-12-23 12:00:00+00:00,0.03239
2018-12-23 18:00:00+00:00,0.03284
2018-12-24 00:00:00+00:00,0.0352
2018-12-24 06:00:00+00:00,0.03485
2018-12-24 12:00:00+00:00,0.03589
2018-12-24 18:00:00+00:00,0.03442
2018-12-25 00:00:00+00:00,0.0336
2018-12-25 06:00:00+00:00,0.03374
2018-12-25 12:00:00+00:00,0.03346
2018-12-25 18:00:00+00:00,0.03403
2018-12-26 00:00:00+00:00,0.03507
2018-12-26 12:00:00+00:00,0.03367
2018-12-26 18:00:00+00:00,0.03421
2018-12-27 06:00:00+00:00,0.03319
2018-12-27 18:00:00+00:00,0.03186
2018-12-28 00:00:00+00:00,0.03178
2018-12-28 06:00:00+00:00,0.03255
2018-12-28 12:00:00+00:00,0.03463
2018-12-28 18:00:00+00:00,0.03532
2018-12-29 00:00:00+00:00,0.03498
2018-12-29 06:00:00+00:00,0.03475
2018-12-29 12:00:00+00:00,0.03491
2018-12-29 18:00:00+00:00,0.03594
2018-12-30 00:00:00+00:00,0.03561
2018-12-30 06:00:00+00:00,0.03587
2018-12-30 12:00:00+00:00,0.03586
2018-12-30 18:00:00+00:00,0.0362
2018-12-31 00:00:00+00:00,0.03563
2018-12-31 06:00:00+00:00,0.03598
2018-12-31 12:00:00+00:00,0.0361
2018-12-31 18:00:00+00:00,0.03555
2019-01-01 06:00:00+00:00,0.03617
2019-01-01 12:00:00+00:00,0.03601
2019-01-01 18:00:00+00:00,0.0366
2019-01-02 00:00:00+00:00,0.03677
2019-01-02 06:00:00+00:00,0.03901
2019-01-02 12:00:00+00:00,0.039
2019-01-02 18:00:00+00:00,0.0394
2019-01-03 00:00:00+00:00,0.03966
2019-01-03 06:00:00+00:00,0.0386
2019-01-03 12:00:00+00:00,0.03861
2019-01-03 18:00:00+00:00,0.03888
2019-01-04 00:00:00+00:00,0.04047
2019-01-04 06:00:00+00:00,0.03982
2019-01-04 12:00:00+00:00,0.03937
2019-01-04 18:00:00+00:00,0.0401
2019-01-05 00:00:00+00:00,0.04127
2019-01-05 06:00:00+00:00,0.04104
2019-01-05 12:00:00+00:00,0.04073
2019-01-05 18:00:00+00:00,0.04052
2019-01-06 00:00:00+00:00,0.03987
2019-01-06 06:00:00+00:00,0.04009
2019-01-06 12:00:00+00:00,0.03885
2019-01-06 18:00:00+00:00,0.03854
2019-01-07 00:00:00+00:00,0.03847
2019-01-07 06:00:00+00:00,0.03802
2019-01-07 12:00:00+00:00,0.03793
2019-01-07 18:00:00+00:00,0.03754
2019-01-08 00:00:00+00:00,0.03714
2019-01-08 06:00:00+00:00,0.03752
2019-01-08 12:00:00+00:00,0.03724
2019-01-08 18:00:00+00:00,0.03729
2019-01-09 00:00:00+00:00,0.03755
2019-01-09 12:00:00+00:00,0.03746
2019-01-09 18:00:00+00:00,0.03733
2019-01-10 00:00:00+00:00,0.03704
2019-01-10 06:00:00+00:00,0.03499
2019-01-10 12:00:00+00:00,0.03465
2019-01-10 18:00:00+00:00,0.03489
2019-01-11 00:00:00+00:00,0.03519
2019-01-11 06:00:00+00:00,0.03414
2019-01-11 12:00:00+00:00,0.03472
2019-01-11 18:00:00+00:00,0.03452
2019-01-12 06:00:00+00:00,0.03477
2019-01-12 18:00:00+00:00,0.03437
2019-01-13 00:00:00+00:00,0.03419
2019-01-13 06:00:00+00:00,0.03425
2019-01-13 12:00:00+00:00,0.03289
2019-01-14 12:00:00+00:00,0.03506
2019-01-14 18:00:00+00:00,0.03504
2019-01-15 06:00:00+00:00,0.03466
2019-01-15 18:00:00+00:00,0.03355
2019-01-16 00:00:00+00:00,0.03359
2019-01-16 06:00:00+00:00,0.03386
2019-01-16 18:00:00+00:00,0.03382
2019-01-17 00:00:00+00:00,0.03361
2019-01-17 06:00:00+00:00,0.0335
2019-01-18 00:00:00+00:00,0.03345
2019-01-18 06:00:00+00:00,0.03341
2019-01-18 12:00:00+00:00,0.03304
2019-01-18 18:00:00+00:00,0.0331
2019-01-19 00:00:00+00:00,0.03326
2019-01-19 06:00:00+00:00,0.03342
2019-01-19 18:00:00+00:00,0.03349
2019-01-20 06:00:00+00:00,0.03322
2019-01-20 12:00:00+00:00,0.03321
2019-01-20 18:00:00+00:00,0.0332
2019-01-21 00:00:00+00:00,0.03262
2019-01-21 06:00:00+00:00,0.03316
2019-01-21 12:00:00+00:00,0.03292
2019-01-22 00:00:00+00:00,0.03294
2019-01-22 06:00:00+00:00,0.03252
2019-01-23 00:00:00+00:00,0.03299
2019-01-23 18:00:00+00:00,0.03273
2019-01-24 00:00:00+00:00,0.03259
2019-01-24 06:00:00+00:00,0.0326
2019-01-24 18:00:00+00:00,0.03257
2019-01-25 06:00:00+00:00,0.03267
2019-01-25 12:00:00+00:00,0.03236
2019-01-25 18:00:00+00:00,0.03229
2019-01-26 06:00:00+00:00,0.03237
2019-01-26 12:00:00+00:00,0.03248
2019-01-26 18:00:00+00:00,0.03233
2019-01-27 00:00:00+00:00,0.03221
2019-01-27 06:00:00+00:00,0.03213
2019-01-27 12:00:00+00:00,0.03197
2019-01-28 00:00:00+00:00,0.03096
2019-01-28 06:00:00+00:00,0.03027
2019-01-28 12:00:00+00:00,0.03011
2019-01-28 18:00:00+00:00,0.03068
2019-01-29 00:00:00+00:00,0.03035
2019-01-29 12:00:00+00:00,0.03072
2019-01-29 18:00:00+00:00,0.03065
2019-01-30 06:00:00+00:00,0.03055
2019-01-31 12:00:00+00:00,0.03097
2019-01-31 18:00:00+00:00,0.03099
2019-02-01 06:00:00+00:00,0.03095
2019-02-01 12:00:00+00:00,0.03074
2019-02-01 18:00:00+00:00,0.03086
2019-02-03 12:00:00+00:00,0.03108
2019-02-04 12:00:00+00:00,0.03112
2019-02-05 18:00:00+00:00,0.03092
2019-02-06 00:00:00+00:00,0.03019
2019-02-06 06:00:00+00:00,0.03017
2019-02-06 12:00:00+00:00,0.03056
2019-02-07 00:00:00+00:00,0.03077
2019-02-07 06:00:00+00:00,0.03083
2019-02-08 00:00:00+00:00,0.03085
2019-02-08 12:00:00+00:00,0.03263
2019-02-09 00:00:00+00:00,0.03245
2019-02-09 12:00:00+00:00,0.03247
2019-02-09 18:00:00+00:00,0.03258
2019-02-10 00:00:00+00:00,0.03266
2019-02-10 06:00:00+00:00,0.03226
2019-02-10 18:00:00+00:00,0.03402
2019-02-11 12:00:00+00:00,0.03354
2019-02-11 18:00:00+00:00,0.03329
2019-02-12 00:00:00+00:00,0.03336
2019-02-12 12:00:00+00:00,0.03327
2019-02-12 18:00:00+00:00,0.03372
2019-02-13 12:00:00+00:00,0.03369
2019-02-13 18:00:00+00:00,0.0337
2019-02-14 12:00:00+00:00,0.03376
2019-02-14 18:00:00+00:00,0.03352
2019-02-15 06:00:00+00:00,0.0338
2019-02-16 00:00:00+00:00,0.03381
2019-02-16 12:00:00+00:00,0.03385
2019-02-17 06:00:00+00:00,0.03502
2019-02-17 12:00:00+00:00,0.0354
2019-02-17 18:00:00+00:00,0.03655
2019-02-18 00:00:00+00:00,0.03708
2019-02-18 12:00:00+00:00,0.03732
2019-02-18 18:00:00+00:00,0.03739
2019-02-19 06:00:00+00:00,0.03748
2019-02-19 12:00:00+00:00,0.03695
2019-02-19 18:00:00+00:00,0.03669
2019-02-20 00:00:00+00:00,0.03625
2019-02-20 06:00:00+00:00,0.03696
2019-02-20 12:00:00+00:00,0.03709
2019-02-20 18:00:00+00:00,0.03747
2019-02-21 00:00:00+00:00,0.03717
2019-02-21 12:00:00+00:00,0.0367
2019-02-21 18:00:00+00:00,0.03705
2019-02-22 00:00:00+00:00,0.03702
2019-02-22 06:00:00+00:00,0.03721
2019-02-22 12:00:00+00:00,0.03731
2019-02-22 18:00:00+00:00,0.03725
2019-02-23 00:00:00+00:00,0.03715
2019-02-23 06:00:00+00:00,0.03737
2019-02-23 12:00:00+00:00,0.03819
2019-02-23 18:00:00+00:00,0.03833
2019-02-24 00:00:00+00:00,0.03951
2019-02-24 06:00:00+00:00,0.03938
2019-02-24 12:00:00+00:00,0.03666
2019-02-24 18:00:00+00:00,0.03528
2019-02-25 00:00:00+00:00,0.03642
2019-02-25 06:00:00+00:00,0.036
2019-02-25 12:00:00+00:00,0.03626
2019-02-25 18:00:00+00:00,0.03599
2019-02-26 00:00:00+00:00,0.0359
2019-02-26 06:00:00+00:00,0.03572
2019-02-26 12:00:00+00:00,0.03556
2019-02-26 18:00:00+00:00,0.0358
2019-02-27 00:00:00+00:00,0.0357
2019-02-27 12:00:00+00:00,0.03592
2019-02-27 18:00:00+00:00,0.03533
2019-02-28 00:00:00+00:00,0.03582
2019-02-28 18:00:00+00:00,0.03551
2019-03-01 00:00:00+00:00,0.03568
2019-03-01 06:00:00+00:00,0.03541
2019-03-01 12:00:00+00:00,0.03569
2019-03-01 18:00:00+00:00,0.03537
2019-03-02 00:00:00+00:00,0.03521
2019-03-02 06:00:00+00:00,0.03503
2019-03-02 18:00:00+00:00,0.03469
2019-03-03 00:00:00+00:00,0.03496
2019-03-03 12:00:00+00:00,0.03458
2019-03-03 18:00:00+00:00,0.03434
2019-03-04 12:00:00+00:00,0.03383
2019-03-05 06:00:00+00:00,0.03427
2019-03-05 12:00:00+00:00,0.03546
2019-03-06 06:00:00+00:00,0.03595
2019-03-06 12:00:00+00:00,0.0355
2019-03-06 18:00:00+00:00,0.0356
2019-03-07 12:00:00+00:00,0.03538
2019-03-07 18:00:00+00:00,0.03525
2019-03-09 00:00:00+00:00,0.03476
2019-03-09 06:00:00+00:00,0.03509
2019-03-09 12:00:00+00:00,0.03483
2019-03-09 18:00:00+00:00,0.03482
2019-03-10 00:00:00+00:00,0.0347
2019-03-10 18:00:00+00:00,0.03455
2019-03-11 00:00:00+00:00,0.03447
2019-03-11 12:00:00+00:00,0.03423
2019-03-12 06:00:00+00:00,0.03449
2019-03-13 06:00:00+00:00,0.03413
2019-03-13 12:00:00+00:00,0.03405
2019-03-13 18:00:00+00:00,0.03404
2019-03-14 00:00:00+00:00,0.03411
2019-03-14 18:00:00+00:00,0.03408
2019-03-15 00:00:00+00:00,0.03436
2019-03-15 06:00:00+00:00,0.03446
2019-03-15 12:00:00+00:00,0.0349
2019-03-15 18:00:00+00:00,0.03473
2019-03-16 00:00:00+00:00,0.03535
2019-03-17 06:00:00+00:00,0.03486
2019-03-17 18:00:00+00:00,0.03479
2019-03-18 06:00:00+00:00,0.03459
2019-03-18 12:00:00+00:00,0.03456
2019-03-19 06:00:00+00:00,0.03457
2019-03-20 12:00:00+00:00,0.03432
2019-03-21 06:00:00+00:00,0.0343
2019-03-21 12:00:00+00:00,0.03393
2019-03-25 12:00:00+00:00,0.03377
2019-03-26 18:00:00+00:00,0.03398
2019-03-27 06:00:00+00:00,0.03438
2019-03-28 06:00:00+00:00,0.03426
2019-03-30 00:00:00+00:00,0.03487
2019-03-30 12:00:00+00:00,0.03471
2019-03-31 18:00:00+00:00,0.03451
2019-04-01 00:00:00+00:00,0.03448
2019-04-01 12:00:00+00:00,0.03406
2019-04-02 00:00:00+00:00,0.0317
2019-04-02 06:00:00+00:00,0.03209
2019-04-03 06:00:00+00:00,0.03373
2019-04-03 12:00:00+00:00,0.03378
2019-04-04 12:00:00+00:00,0.03154
2019-04-04 18:00:00+00:00,0.03216
2019-04-05 12:00:00+00:00,0.03277
2019-04-05 18:00:00+00:00,0.0329
2019-04-06 00:00:00+00:00,0.03283
2019-04-06 06:00:00+00:00,0.03261
2019-04-06 12:00:00+00:00,0.0324
2019-04-07 00:00:00+00:00,0.03274
2019-04-10 12:00:00+00:00,0.034
2019-04-11 06:00:00+00:00,0.0325
2019-04-11 12:00:00+00:00,0.03268
2019-04-11 18:00:00+00:00,0.03269
2019-04-12 12:00:00+00:00,0.03253
2019-04-13 12:00:00+00:00,0.03212
2019-04-14 00:00:00+00:00,0.03228
2019-04-14 06:00:00+00:00,0.03224
2019-04-14 12:00:00+00:00,0.03218
2019-04-15 18:00:00+00:00,0.03185
2019-04-16 12:00:00+00:00,0.03201
2019-04-17 00:00:00+00:00,0.03192
2019-04-17 12:00:00+00:00,0.03176
2019-04-18 00:00:00+00:00,0.03265
2019-04-18 12:00:00+00:00,0.03317
2019-04-18 18:00:00+00:00,0.03295
2019-04-19 18:00:00+00:00,0.03287
2019-04-20 00:00:00+00:00,0.03285
2019-04-20 18:00:00+00:00,0.03264
2019-04-21 18:00:00+00:00,0.03206
2019-04-22 00:00:00+00:00,0.03217
2019-04-22 06:00:00+00:00,0.0323
2019-04-22 12:00:00+00:00,0.03203
2019-04-22 18:00:00+00:00,0.03182
2019-04-23 00:00:00+00:00,0.03146
2019-04-23 18:00:00+00:00,0.0308
2019-04-24 00:00:00+00:00,0.03036
2019-04-24 12:00:00+00:00,0.02989
2019-04-24 18:00:00+00:00,0.03046
2019-04-25 06:00:00+00:00,0.03006
2019-04-25 12:00:00+00:00,0.02999
2019-04-25 18:00:00+00:00,0.02964
2019-04-26 06:00:00+00:00,0.02931
2019-04-26 18:00:00+00:00,0.02972
2019-04-27 06:00:00+00:00,0.02976
2019-04-27 12:00:00+00:00,0.0303
2019-04-27 18:00:00+00:00,0.0301
2019-04-28 00:00:00+00:00,0.02995
2019-04-28 18:00:00+00:00,0.02974
2019-04-29 06:00:00+00:00,0.02948
2019-04-29 12:00:00+00:00,0.02985
2019-04-29 18:00:00+00:00,0.0296
2019-04-30 00:00:00+00:00,0.03001
2019-04-30 12:00:00+00:00,0.02997
2019-04-30 18:00:00+00:00,0.03038
2019-05-01 00:00:00+00:00,0.03003
2019-05-01 12:00:00+00:00,0.02996
2019-05-01 18:00:00+00:00,0.02973
2019-05-02 00:00:00+00:00,0.02981
2019-05-02 06:00:00+00:00,0.02953
2019-05-02 18:00:00+00:00,0.02949
2019-05-03 00:00:00+00:00,0.02907
2019-05-03 06:00:00+00:00,0.02911
2019-05-03 12:00:00+00:00,0.02912
2019-05-04 00:00:00+00:00,0.02849
2019-05-04 06:00:00+00:00,0.0283
2019-05-04 12:00:00+00:00,0.02859
2019-05-05 06:00:00+00:00,0.02818
2019-05-06 06:00:00+00:00,0.02893
2019-05-06 12:00:00+00:00,0.03043
2019-05-07 00:00:00+00:00,0.02987
2019-05-07 06:00:00+00:00,0.02992
2019-05-07 12:00:00+00:00,0.02916
2019-05-07 18:00:00+00:00,0.02899
2019-05-08 00:00:00+00:00,0.02906
2019-05-08 06:00:00+00:00,0.02888
2019-05-08 18:00:00+00:00,0.02855
2019-05-09 06:00:00+00:00,0.02801
2019-05-09 12:00:00+00:00,0.02751
2019-05-09 18:00:00+00:00,0.02765
2019-05-10 00:00:00+00:00,0.02783
2019-05-10 06:00:00+00:00,0.02734
2019-05-10 18:00:00+00:00,0.02715
2019-05-11 06:00:00+00:00,0.02782
2019-05-11 12:00:00+00:00,0.02861
2019-05-12 06:00:00+00:00,0.02653
2019-05-12 12:00:00+00:00,0.02683
2019-05-12 18:00:00+00:00,0.02693
2019-05-13 00:00:00+00:00,0.0269
2019-05-13 06:00:00+00:00,0.02646
2019-05-13 12:00:00+00:00,0.02562
2019-05-13 18:00:00+00:00,0.02506
2019-05-14 06:00:00+00:00,0.02571
2019-05-14 12:00:00+00:00,0.02591
2019-05-15 06:00:00+00:00,0.0291
2019-05-16 18:00:00+00:00,0.03363
2019-05-17 06:00:00+00:00,0.03205
2019-05-17 18:00:00+00:00,0.03323
2019-05-18 00:00:00+00:00,0.0327
2019-05-18 06:00:00+00:00,0.0321
2019-05-19 12:00:00+00:00,0.03219
2019-05-20 12:00:00+00:00,0.03147
2019-05-21 12:00:00+00:00,0.03196
2019-05-21 18:00:00+00:00,0.03208
2019-05-22 00:00:00+00:00,0.03254
2019-05-22 12:00:00+00:00,0.03187
2019-05-23 06:00:00+00:00,0.03109
2019-05-23 18:00:00+00:00,0.03121
2019-05-24 00:00:00+00:00,0.03104
2019-05-25 06:00:00+00:00,0.03165
2019-05-26 06:00:00+00:00,0.03113
2019-05-26 18:00:00+00:00,0.03073
2019-05-27 12:00:00+00:00,0.0306
2019-05-29 12:00:00+00:00,0.03136
2019-05-30 00:00:00+00:00,0.03243
2019-05-30 18:00:00+00:00,0.03078
2019-05-31 00:00:00+00:00,0.0307
2019-05-31 12:00:00+00:00,0.03088
2019-06-01 00:00:00+00:00,0.03145
2019-06-02 06:00:00+00:00,0.031
2019-06-03 12:00:00+00:00,0.03058
2019-06-03 18:00:00+00:00,0.03079
2019-06-04 00:00:00+00:00,0.03091
2019-06-06 18:00:00+00:00,0.03191
2019-06-08 18:00:00+00:00,0.03081
2019-06-09 12:00:00+00:00,0.03023
2019-06-10 06:00:00+00:00,0.03064
2019-06-10 18:00:00+00:00,0.03089
2019-06-11 12:00:00+00:00,0.03076
2019-06-14 06:00:00+00:00,0.03075
2019-06-14 12:00:00+00:00,0.03049
2019-06-15 00:00:00+00:00,0.03057
2019-06-15 06:00:00+00:00,0.03041
2019-06-15 18:00:00+00:00,0.0304
2019-06-16 00:00:00+00:00,0.02961
2019-06-16 06:00:00+00:00,0.02967
2019-06-17 00:00:00+00:00,0.02922
2019-06-17 06:00:00+00:00,0.0293
2019-06-17 12:00:00+00:00,0.02939
2019-06-18 12:00:00+00:00,0.02923
2019-06-19 18:00:00+00:00,0.02895
2019-06-20 00:00:00+00:00,0.02898
2019-06-20 06:00:00+00:00,0.02889
2019-06-20 12:00:00+00:00,0.02868
2019-06-20 18:00:00+00:00,0.02852
2019-06-21 00:00:00+00:00,0.02945
2019-06-21 18:00:00+00:00,0.02896
2019-06-22 00:00:00+00:00,0.0285
2019-06-22 12:00:00+00:00,0.02885
2019-06-23 00:00:00+00:00,0.02934
2019-06-23 18:00:00+00:00,0.02832
2019-06-24 00:00:00+00:00,0.0284
2019-06-25 00:00:00+00:00,0.0277
2019-06-25 12:00:00+00:00,0.02729
2019-06-25 18:00:00+00:00,0.02696
2019-06-26 00:00:00+00:00,0.0264
2019-06-26 06:00:00+00:00,0.02682
2019-06-26 12:00:00+00:00,0.02607
2019-06-27 06:00:00+00:00,0.02593
2019-06-27 12:00:00+00:00,0.02666
2019-06-28 00:00:00+00:00,0.02661
2019-06-28 06:00:00+00:00,0.02548
2019-06-29 00:00:00+00:00,0.02583
2019-06-29 06:00:00+00:00,0.02567
2019-06-29 18:00:00+00:00,0.02675
2019-06-30 00:00:00+00:00,0.02649
2019-06-30 12:00:00+00:00,0.02679
2019-06-30 18:00:00+00:00,0.02694
2019-07-01 00:00:00+00:00,0.02685
2019-07-02 00:00:00+00:00,0.02808
2019-07-02 06:00:00+00:00,0.02766
2019-07-03 00:00:00+00:00,0.02603
2019-07-03 18:00:00+00:00,0.02523
2019-07-04 00:00:00+00:00,0.02524
2019-07-04 06:00:00+00:00,0.02508
2019-07-04 12:00:00+00:00,0.02492
2019-07-04 18:00:00+00:00,0.02536
2019-07-05 00:00:00+00:00,0.0257
2019-07-05 12:00:00+00:00,0.02577
2019-07-05 18:00:00+00:00,0.02622
2019-07-06 00:00:00+00:00,0.02573
2019-07-06 06:00:00+00:00,0.02551
2019-07-06 12:00:00+00:00,0.02543
2019-07-06 18:00:00+00:00,0.02564
2019-07-07 00:00:00+00:00,0.02569
2019-07-07 18:00:00+00:00,0.02672
2019-07-08 06:00:00+00:00,0.02578
2019-07-08 18:00:00+00:00,0.02546
2019-07-09 00:00:00+00:00,0.02481
2019-07-09 06:00:00+00:00,0.0253
2019-07-09 12:00:00+00:00,0.02473
2019-07-09 18:00:00+00:00,0.02447
2019-07-10 00:00:00+00:00,0.02385
2019-07-10 06:00:00+00:00,0.02371
2019-07-10 12:00:00+00:00,0.02344
2019-07-10 18:00:00+00:00,0.02388
2019-07-11 00:00:00+00:00,0.02367
2019-07-11 06:00:00+00:00,0.02353
2019-07-11 12:00:00+00:00,0.0234
2019-07-11 18:00:00+00:00,0.02366
2019-07-12 00:00:00+00:00,0.02373
2019-07-12 06:00:00+00:00,0.02359
2019-07-12 12:00:00+00:00,0.02362
2019-07-12 18:00:00+00:00,0.02333
2019-07-13 06:00:00+00:00,0.02357
2019-07-13 12:00:00+00:00,0.0237
2019-07-13 18:00:00+00:00,0.02368
2019-07-14 00:00:00+00:00,0.02375
2019-07-14 06:00:00+00:00,0.02279
2019-07-14 12:00:00+00:00,0.0225
2019-07-14 18:00:00+00:00,0.0223
2019-07-15 00:00:00+00:00,0.0218
2019-07-15 06:00:00+00:00,0.02203
2019-07-15 12:00:00+00:00,0.02172
2019-07-15 18:00:00+00:00,0.02107
2019-07-16 00:00:00+00:00,0.02126
2019-07-16 06:00:00+00:00,0.02094
2019-07-16 12:00:00+00:00,0.02058
2019-07-16 18:00:00+00:00,0.02108
2019-07-17 00:00:00+00:00,0.02111
2019-07-17 06:00:00+00:00,0.02139
2019-07-17 12:00:00+00:00,0.02209
2019-07-17 18:00:00+00:00,0.02183
2019-07-18 00:00:00+00:00,0.02213
2019-07-18 12:00:00+00:00,0.02131
2019-07-18 18:00:00+00:00,0.02123
2019-07-19 00:00:00+00:00,0.0211
2019-07-19 06:00:00+00:00,0.02102
2019-07-20 00:00:00+00:00,0.02145
2019-07-20 06:00:00+00:00,0.0213
2019-07-20 12:00:00+00:00,0.02135
2019-07-21 00:00:00+00:00,0.02127
2019-07-21 12:00:00+00:00,0.02103
2019-07-22 00:00:00+00:00,0.02128
2019-07-22 06:00:00+00:00,0.02113
2019-07-22 12:00:00+00:00,0.02092
2019-07-23 06:00:00+00:00,0.0212
2019-07-23 12:00:00+00:00,0.02118
2019-07-23 18:00:00+00:00,0.02157
2019-07-24 00:00:00+00:00,0.02119
2019-07-24 12:00:00+00:00,0.02194
2019-07-24 18:00:00+00:00,0.02216
2019-07-25 00:00:00+00:00,0.02202
2019-07-25 06:00:00+00:00,0.02207
2019-07-25 12:00:00+00:00,0.02217
2019-07-25 18:00:00+00:00,0.0222
2019-07-26 00:00:00+00:00,0.02212
2019-07-26 06:00:00+00:00,0.02218
2019-07-26 12:00:00+00:00,0.02236
2019-07-26 18:00:00+00:00,0.02227
2019-07-27 00:00:00+00:00,0.02188
2019-07-27 06:00:00+00:00,0.02176
2019-07-27 18:00:00+00:00,0.02185
2019-07-28 00:00:00+00:00,0.02206
2019-07-28 12:00:00+00:00,0.02182
2019-07-29 06:00:00+00:00,0.02201
2019-07-29 12:00:00+00:00,0.0221
2019-07-29 18:00:00+00:00,0.02221
2019-07-30 00:00:00+00:00,0.02191
2019-07-30 06:00:00+00:00,0.02195
2019-07-30 12:00:00+00:00,0.02197
2019-07-30 18:00:00+00:00,0.0219
2019-07-31 00:00:00+00:00,0.02186
2019-07-31 06:00:00+00:00,0.02179
2019-07-31 12:00:00+00:00,0.02154
2019-07-31 18:00:00+00:00,0.02168
2019-08-01 00:00:00+00:00,0.02147
2019-08-01 06:00:00+00:00,0.02142
2019-08-01 12:00:00+00:00,0.02124
2019-08-01 18:00:00+00:00,0.02091
2019-08-02 00:00:00+00:00,0.02076
2019-08-02 12:00:00+00:00,0.02074
2019-08-02 18:00:00+00:00,0.02068
2019-08-03 00:00:00+00:00,0.02062
2019-08-03 06:00:00+00:00,0.02069
2019-08-03 12:00:00+00:00,0.02049
2019-08-03 18:00:00+00:00,0.02052
2019-08-04 00:00:00+00:00,0.02053
2019-08-04 12:00:00+00:00,0.02017
2019-08-04 18:00:00+00:00,0.02029
2019-08-05 00:00:00+00:00,0.01976
2019-08-05 06:00:00+00:00,0.01981
2019-08-06 00:00:00+00:00,0.01944
2019-08-06 06:00:00+00:00,0.01948
2019-08-06 12:00:00+00:00,0.01953
2019-08-06 18:00:00+00:00,0.01972
2019-08-07 00:00:00+00:00,0.01955
2019-08-07 06:00:00+00:00,0.01942
2019-08-07 12:00:00+00:00,0.01909
2019-08-07 18:00:00+00:00,0.01889
2019-08-08 00:00:00+00:00,0.0189
2019-08-08 06:00:00+00:00,0.01897
2019-08-08 12:00:00+00:00,0.0188
2019-08-08 18:00:00+00:00,0.01841
2019-08-09 00:00:00+00:00,0.01823
2019-08-09 06:00:00+00:00,0.01798
2019-08-09 12:00:00+00:00,0.01769
2019-08-09 18:00:00+00:00,0.01774
2019-08-10 00:00:00+00:00,0.01786
2019-08-10 06:00:00+00:00,0.01791
2019-08-10 12:00:00+00:00,0.01812
2019-08-10 18:00:00+00:00,0.01825
2019-08-11 00:00:00+00:00,0.0185
2019-08-11 06:00:00+00:00,0.01845
2019-08-11 12:00:00+00:00,0.01888
2019-08-11 18:00:00+00:00,0.01875
2019-08-12 00:00:00+00:00,0.01871
2019-08-12 06:00:00+00:00,0.0186
2019-08-12 12:00:00+00:00,0.01859
2019-08-12 18:00:00+00:00,0.01856
2019-08-13 06:00:00+00:00,0.01874
2019-08-13 12:00:00+00:00,0.0191
2019-08-13 18:00:00+00:00,0.01921
2019-08-14 00:00:00+00:00,0.01961
2019-08-14 12:00:00+00:00,0.01851
2019-08-14 18:00:00+00:00,0.01858
2019-08-15 00:00:00+00:00,0.01869
2019-08-15 12:00:00+00:00,0.01837
2019-08-15 18:00:00+00:00,0.01826
2019-08-16 00:00:00+00:00,0.01842
2019-08-16 06:00:00+00:00,0.0181
2019-08-16 12:00:00+00:00,0.01776
2019-08-16 18:00:00+00:00,0.01785
2019-08-17 00:00:00+00:00,0.01784
2019-08-17 06:00:00+00:00,0.01792
2019-08-17 12:00:00+00:00,0.01813
2019-08-17 18:00:00+00:00,0.01818
2019-08-18 00:00:00+00:00,0.01819
2019-08-18 06:00:00+00:00,0.01829
2019-08-18 12:00:00+00:00,0.01891
2019-08-18 18:00:00+00:00,0.01884
2019-08-19 00:00:00+00:00,0.01879
2019-08-19 06:00:00+00:00,0.01876
2019-08-19 12:00:00+00:00,0.01872
2019-08-19 18:00:00+00:00,0.01853
2019-08-20 06:00:00+00:00,0.01843
2019-08-21 00:00:00+00:00,0.01846
2019-08-21 06:00:00+00:00,0.01849
2019-08-21 12:00:00+00:00,0.01833
2019-08-21 18:00:00+00:00,0.01847
2019-08-22 00:00:00+00:00,0.01862
2019-08-22 12:00:00+00:00,0.01908
2019-08-22 18:00:00+00:00,0.01885
2019-08-23 00:00:00+00:00,0.01887
2019-08-23 12:00:00+00:00,0.01866
2019-08-24 18:00:00+00:00,0.01882
2019-08-26 06:00:00+00:00,0.01834
2019-08-26 18:00:00+00:00,0.01817
2019-08-27 12:00:00+00:00,0.0184
2019-08-28 18:00:00+00:00,0.01778
2019-08-29 06:00:00+00:00,0.01782
2019-08-29 12:00:00+00:00,0.01771
2019-08-29 18:00:00+00:00,0.01779
2019-08-30 00:00:00+00:00,0.01768
2019-08-30 12:00:00+00:00,0.0176
2019-08-30 18:00:00+00:00,0.01758
2019-08-31 06:00:00+00:00,0.01753
2019-08-31 12:00:00+00:00,0.01756
2019-08-31 18:00:00+00:00,0.0179
2019-09-01 18:00:00+00:00,0.01752
2019-09-02 18:00:00+00:00,0.01719
2019-09-03 00:00:00+00:00,0.01714
2019-09-03 06:00:00+00:00,0.017
2019-09-03 12:00:00+00:00,0.01692
2019-09-03 18:00:00+00:00,0.01687
2019-09-04 06:00:00+00:00,0.01688
2019-09-04 12:00:00+00:00,0.01669
2019-09-04 18:00:00+00:00,0.01653
2019-09-05 00:00:00+00:00,0.01652
2019-09-05 06:00:00+00:00,0.01623
2019-09-05 12:00:00+00:00,0.01635
2019-09-05 18:00:00+00:00,0.01645
2019-09-06 00:00:00+00:00,0.0164
2019-09-06 06:00:00+00:00,0.01628
2019-09-06 12:00:00+00:00,0.01643
2019-09-06 18:00:00+00:00,0.01637
2019-09-07 06:00:00+00:00,0.0165
2019-09-07 12:00:00+00:00,0.01703
2019-09-07 18:00:00+00:00,0.01699
2019-09-08 00:00:00+00:00,0.01726
2019-09-08 06:00:00+00:00,0.01732
2019-09-08 12:00:00+00:00,0.01736
2019-09-08 18:00:00+00:00,0.01745
2019-09-09 00:00:00+00:00,0.01729
2019-09-09 06:00:00+00:00,0.01759
2019-09-09 12:00:00+00:00,0.01765
2019-09-09 18:00:00+00:00,0.01754
2019-09-10 06:00:00+00:00,0.01767
2019-09-10 12:00:00+00:00,0.01761
2019-09-10 18:00:00+00:00,0.01781
2019-09-11 00:00:00+00:00,0.01783
2019-09-11 06:00:00+00:00,0.01775
2019-09-11 12:00:00+00:00,0.01757
2019-09-12 12:00:00+00:00,0.0174
2019-09-13 00:00:00+00:00,0.01735
2019-09-13 18:00:00+00:00,0.01751
2019-09-14 06:00:00+00:00,0.01755
2019-09-14 12:00:00+00:00,0.01815
2019-09-14 18:00:00+00:00,0.01822
2019-09-15 00:00:00+00:00,0.0182
2019-09-15 06:00:00+00:00,0.0183
2019-09-15 18:00:00+00:00,0.01836
2019-09-16 06:00:00+00:00,0.01883
2019-09-16 18:00:00+00:00,0.01926
2019-09-17 00:00:00+00:00,0.01947
2019-09-17 06:00:00+00:00,0.01951
2019-09-17 18:00:00+00:00,0.0204
2019-09-18 00:00:00+00:00,0.02079
2019-09-18 06:00:00+00:00,0.02088
2019-09-18 12:00:00+00:00,0.02096
2019-09-19 00:00:00+00:00,0.02085
2019-09-19 06:00:00+00:00,0.02095
2019-09-19 18:00:00+00:00,0.0215
2019-09-20 06:00:00+00:00,0.02148
2019-09-21 00:00:00+00:00,0.02166
2019-09-21 06:00:00+00:00,0.02151
2019-09-21 12:00:00+00:00,0.02162
2019-09-21 18:00:00+00:00,0.02156
2019-09-22 12:00:00+00:00,0.02077
2019-09-22 18:00:00+00:00,0.02106
2019-09-23 06:00:00+00:00,0.02114
2019-09-23 12:00:00+00:00,0.02117
2019-09-24 00:00:00+00:00,0.0206
2019-09-24 06:00:00+00:00,0.0203
2019-09-24 12:00:00+00:00,0.01997
2019-09-25 00:00:00+00:00,0.01988
2019-09-25 06:00:00+00:00,0.01999
2019-09-25 12:00:00+00:00,0.02015
2019-09-26 06:00:00+00:00,0.02012
2019-09-26 12:00:00+00:00,0.02011
2019-09-26 18:00:00+00:00,0.02056
2019-09-27 00:00:00+00:00,0.02061
2019-09-27 06:00:00+00:00,0.02067
2019-09-28 00:00:00+00:00,0.02138
2019-09-28 06:00:00+00:00,0.02122
2019-09-28 12:00:00+00:00,0.02134
2019-09-28 18:00:00+00:00,0.02116
2019-09-29 06:00:00+00:00,0.02099
2019-09-29 18:00:00+00:00,0.02104
2019-09-30 06:00:00+00:00,0.02152
2019-09-30 12:00:00+00:00,0.02153
2019-10-01 00:00:00+00:00,0.02161
2019-10-02 06:00:00+00:00,0.02144
2019-10-02 12:00:00+00:00,0.02143
2019-10-02 18:00:00+00:00,0.0216
2019-10-03 06:00:00+00:00,0.02146
2019-10-04 00:00:00+00:00,0.02137
2019-10-04 12:00:00+00:00,0.02169
2019-10-04 18:00:00+00:00,0.02159
2019-10-05 00:00:00+00:00,0.02164
2019-10-05 06:00:00+00:00,0.02155
2019-10-06 00:00:00+00:00,0.02178
2019-10-06 06:00:00+00:00,0.02184
2019-10-06 12:00:00+00:00,0.02165
2019-10-06 18:00:00+00:00,0.02167
2019-10-07 12:00:00+00:00,0.02198
2019-10-09 00:00:00+00:00,0.02215
2019-10-09 06:00:00+00:00,0.02242
2019-10-09 12:00:00+00:00,0.02228
2019-10-10 00:00:00+00:00,0.02253
2019-10-10 06:00:00+00:00,0.02222
2019-10-10 12:00:00+00:00,0.02231
2019-10-10 18:00:00+00:00,0.02232
2019-10-11 00:00:00+00:00,0.02233
2019-10-11 06:00:00+00:00,0.02214
2019-10-12 12:00:00+00:00,0.02196
2019-10-13 12:00:00+00:00,0.02177
2019-10-14 06:00:00+00:00,0.02204
2019-10-14 18:00:00+00:00,0.02238
2019-10-15 06:00:00+00:00,0.02219
2019-10-16 06:00:00+00:00,0.02189
2019-10-18 06:00:00+00:00,0.02173
2019-10-18 12:00:00+00:00,0.02181
2019-10-21 00:00:00+00:00,0.02112
2019-10-21 06:00:00+00:00,0.0214
2019-10-22 06:00:00+00:00,0.02101
2019-10-22 18:00:00+00:00,0.02132
2019-10-23 06:00:00+00:00,0.0209
2019-10-23 18:00:00+00:00,0.02175
2019-10-25 00:00:00+00:00,0.02163
2019-10-26 06:00:00+00:00,0.0197
2019-10-26 12:00:00+00:00,0.01939
2019-10-27 06:00:00+00:00,0.01931
2019-10-27 12:00:00+00:00,0.01933
2019-10-27 18:00:00+00:00,0.01928
2019-10-28 00:00:00+00:00,0.01913
2019-10-28 06:00:00+00:00,0.01967
2019-10-28 12:00:00+00:00,0.0193
2019-10-29 12:00:00+00:00,0.02001
2019-10-29 18:00:00+00:00,0.02026
2019-10-30 00:00:00+00:00,0.02021
2019-10-30 06:00:00+00:00,0.02016
2019-10-30 12:00:00+00:00,0.01996
2019-10-31 06:00:00+00:00,0.01978
2019-10-31 12:00:00+00:00,0.0198
2019-10-31 18:00:00+00:00,0.01994
2019-11-01 00:00:00+00:00,0.0199
2019-11-01 06:00:00+00:00,0.01985
2019-11-02 06:00:00+00:00,0.01977
2019-11-02 12:00:00+00:00,0.01979
2019-11-02 18:00:00+00:00,0.01969
2019-11-03 12:00:00+00:00,0.01963
2019-11-03 18:00:00+00:00,0.01973
2019-11-04 00:00:00+00:00,0.01975
2019-11-04 12:00:00+00:00,0.02005
2019-11-05 00:00:00+00:00,0.01982
2019-11-05 06:00:00+00:00,0.02003
2019-11-05 12:00:00+00:00,0.02034
2019-11-06 06:00:00+00:00,0.02035
2019-11-06 12:00:00+00:00,0.02041
2019-11-06 18:00:00+00:00,0.02047
2019-11-07 00:00:00+00:00,0.02037
2019-11-07 06:00:00+00:00,0.02028
2019-11-07 12:00:00+00:00,0.02019
2019-11-07 18:00:00+00:00,0.02025
2019-11-08 00:00:00+00:00,0.02023
2019-11-08 12:00:00+00:00,0.02086
2019-11-08 18:00:00+00:00,0.02097
2019-11-09 12:00:00+00:00,0.02098
2019-11-09 18:00:00+00:00,0.021
2019-11-10 06:00:00+00:00,0.02115
2019-11-11 00:00:00+00:00,0.02121
2019-11-13 06:00:00+00:00,0.02136
2019-11-16 00:00:00+00:00,0.02133
2019-11-20 18:00:00+00:00,0.02158
2019-11-22 00:00:00+00:00,0.02105
2019-11-22 06:00:00+00:00,0.02093
2019-11-23 12:00:00+00:00,0.02087
2019-11-24 00:00:00+00:00,0.02082
2019-11-24 06:00:00+00:00,0.02081
2019-11-24 12:00:00+00:00,0.0205
2019-11-25 00:00:00+00:00,0.02024
2019-11-25 18:00:00+00:00,0.02054
2019-11-26 00:00:00+00:00,0.02048
2019-11-26 06:00:00+00:00,0.02038
2019-11-26 12:00:00+00:00,0.02046
2019-11-27 06:00:00+00:00,0.02051
2019-11-27 12:00:00+00:00,0.02031
2019-11-27 18:00:00+00:00,0.02033
2019-11-28 00:00:00+00:00,0.02032
2019-11-28 06:00:00+00:00,0.02027
2019-11-30 12:00:00+00:00,0.02018
2019-12-01 18:00:00+00:00,0.02039
2019-12-03 06:00:00+00:00,0.0202
2019-12-05 06:00:00+00:00,0.01986
2019-12-05 12:00:00+00:00,0.02007
2019-12-06 00:00:00+00:00,0.01995
2019-12-06 18:00:00+00:00,0.01971
2019-12-07 06:00:00+00:00,0.01966
2019-12-08 18:00:00+00:00,0.02002
2019-12-10 12:00:00+00:00,0.02013
2019-12-11 12:00:00+00:00,0.01991
2019-12-12 00:00:00+00:00,0.01987
2019-12-14 06:00:00+00:00,0.01993
2019-12-14 12:00:00+00:00,0.02009
2019-12-15 06:00:00+00:00,0.02008
2019-12-15 18:00:00+00:00,0.02
2019-12-16 06:00:00+00:00,0.01989
2019-12-16 18:00:00+00:00,0.01924
2019-12-18 18:00:00+00:00,0.01824
2019-12-19 00:00:00+00:00,0.01794
2019-12-19 06:00:00+00:00,0.01764
2019-12-21 00:00:00+00:00,0.0178
2019-12-22 06:00:00+00:00,0.01802
2019-12-22 18:00:00+00:00,0.01763
2019-12-23 12:00:00+00:00,0.0175
2019-12-23 18:00:00+00:00,0.01747
2019-12-24 00:00:00+00:00,0.01749
2019-12-24 06:00:00+00:00,0.01744
2019-12-24 18:00:00+00:00,0.01762
2019-12-25 06:00:00+00:00,0.01723
2019-12-25 12:00:00+00:00,0.01737
2019-12-26 06:00:00+00:00,0.01741
2019-12-27 12:00:00+00:00,0.01738
2019-12-28 00:00:00+00:00,0.01748
2019-12-28 06:00:00+00:00,0.01743
2019-12-30 06:00:00+00:00,0.01821
2019-12-30 18:00:00+00:00,0.01816
2019-12-31 00:00:00+00:00,0.01827
2019-12-31 12:00:00+00:00,0.01805
2020-01-01 00:00:00+00:00,0.01803
2020-01-01 12:00:00+00:00,0.01831
2020-01-01 18:00:00+00:00,0.01814
2020-01-03 06:00:00+00:00,0.01806
2020-01-03 18:00:00+00:00,0.01828
2020-01-06 00:00:00+00:00,0.01848
2020-01-06 12:00:00+00:00,0.01873
2020-01-08 06:00:00+00:00,0.01722
2020-01-10 18:00:00+00:00,0.0177
2020-01-11 12:00:00+00:00,0.01797
2020-01-12 00:00:00+00:00,0.01777
2020-01-12 18:00:00+00:00,0.01789
2020-01-13 00:00:00+00:00,0.01772
2020-01-13 06:00:00+00:00,0.01766
2020-01-14 12:00:00+00:00,0.0187
2020-01-15 00:00:00+00:00,0.01868
2020-01-16 12:00:00+00:00,0.01881
2020-01-17 12:00:00+00:00,0.01911
2020-01-18 00:00:00+00:00,0.019
2020-01-18 06:00:00+00:00,0.01899
2020-01-18 12:00:00+00:00,0.01965
2020-01-18 18:00:00+00:00,0.01954
2020-01-19 06:00:00+00:00,0.01919
2020-01-21 18:00:00+00:00,0.01938
2020-01-22 12:00:00+00:00,0.01937
2020-01-23 00:00:00+00:00,0.01916
2020-01-23 06:00:00+00:00,0.01932
2020-01-23 12:00:00+00:00,0.0194
2020-01-23 18:00:00+00:00,0.01936
2020-01-24 12:00:00+00:00,0.01901
2020-01-24 18:00:00+00:00,0.01925
2020-01-25 00:00:00+00:00,0.01917
2020-01-25 06:00:00+00:00,0.01915
2020-01-25 18:00:00+00:00,0.01923
2020-01-26 18:00:00+00:00,0.0195
2020-01-27 00:00:00+00:00,0.01934
2020-01-28 06:00:00+00:00,0.01895
2020-01-28 12:00:00+00:00,0.01903
2020-01-29 12:00:00+00:00,0.01886
2020-01-30 12:00:00+00:00,0.01894
2020-02-01 00:00:00+00:00,0.01935
2020-02-01 12:00:00+00:00,0.01952
2020-02-01 18:00:00+00:00,0.01957
2020-02-03 18:00:00+00:00,0.02043
2020-02-04 06:00:00+00:00,0.02036
2020-02-04 18:00:00+00:00,0.02055
2020-02-07 06:00:00+00:00,0.02247
2020-02-07 12:00:00+00:00,0.02262
2020-02-07 18:00:00+00:00,0.02276
2020-02-08 00:00:00+00:00,0.02259
2020-02-08 06:00:00+00:00,0.02305
2020-02-08 12:00:00+00:00,0.02269
2020-02-08 18:00:00+00:00,0.02255
2020-02-09 06:00:00+00:00,0.02257
2020-02-09 12:00:00+00:00,0.02246
2020-02-09 18:00:00+00:00,0.02252
2020-02-10 00:00:00+00:00,0.02245
2020-02-10 06:00:00+00:00,0.02225
2020-02-10 12:00:00+00:00,0.02265
2020-02-10 18:00:00+00:00,0.02264
2020-02-11 00:00:00+00:00,0.02248
2020-02-11 06:00:00+00:00,0.02271
2020-02-11 12:00:00+00:00,0.02298
2020-02-11 18:00:00+00:00,0.02315
2020-02-12 00:00:00+00:00,0.02392
2020-02-12 06:00:00+00:00,0.02475
2020-02-12 12:00:00+00:00,0.02557
2020-02-13 06:00:00+00:00,0.02588
2020-02-13 18:00:00+00:00,0.02625
2020-02-14 00:00:00+00:00,0.02597
2020-02-14 06:00:00+00:00,0.02641
2020-02-14 12:00:00+00:00,0.02718
2020-02-14 18:00:00+00:00,0.02758
2020-02-15 00:00:00+00:00,0.02723
2020-02-15 18:00:00+00:00,0.02673
2020-02-16 18:00:00+00:00,0.02612
2020-02-17 00:00:00+00:00,0.02555
2020-02-17 06:00:00+00:00,0.0258
2020-02-17 12:00:00+00:00,0.02686
2020-02-17 18:00:00+00:00,0.02757
2020-02-18 00:00:00+00:00,0.02746
2020-02-18 06:00:00+00:00,0.02755
2020-02-19 00:00:00+00:00,0.02769
2020-02-19 18:00:00+00:00,0.02692
2020-02-20 00:00:00+00:00,0.02713
2020-02-20 12:00:00+00:00,0.02663
2020-02-21 00:00:00+00:00,0.027
2020-02-21 06:00:00+00:00,0.02704
2020-02-21 12:00:00+00:00,0.02737
2020-02-21 18:00:00+00:00,0.02741
2020-02-22 00:00:00+00:00,0.02708
2020-02-22 06:00:00+00:00,0.02717
2020-02-22 12:00:00+00:00,0.02716
2020-02-23 00:00:00+00:00,0.02726
2020-02-23 06:00:00+00:00,0.02728
2020-02-23 12:00:00+00:00,0.02743
2020-02-23 18:00:00+00:00,0.02762
2020-02-24 06:00:00+00:00,0.02774
2020-02-25 18:00:00+00:00,0.02647
2020-02-26 00:00:00+00:00,0.02618
2020-02-26 06:00:00+00:00,0.02572
2020-02-26 12:00:00+00:00,0.02547
2020-02-27 00:00:00+00:00,0.02526
2020-02-27 06:00:00+00:00,0.02579
2020-02-27 12:00:00+00:00,0.02648
2020-02-29 06:00:00+00:00,0.02602
2020-03-01 12:00:00+00:00,0.0254
2020-03-02 00:00:00+00:00,0.02558
2020-03-02 06:00:00+00:00,0.02565
2020-03-03 06:00:00+00:00,0.02608
2020-03-04 00:00:00+00:00,0.02561
2020-03-04 06:00:00+00:00,0.02559
2020-03-04 18:00:00+00:00,0.02563
2020-03-05 06:00:00+00:00,0.02554
2020-03-05 18:00:00+00:00,0.02522
2020-03-06 12:00:00+00:00,0.02628
2020-03-07 00:00:00+00:00,0.02677
2020-03-07 18:00:00+00:00,0.02668
2020-03-08 18:00:00+00:00,0.0248
2020-03-09 06:00:00+00:00,0.02574
2020-03-10 00:00:00+00:00,0.02556
2020-03-10 06:00:00+00:00,0.02521
2020-03-10 18:00:00+00:00,0.02537
2020-03-11 00:00:00+00:00,0.02538
2020-03-11 06:00:00+00:00,0.02518
2020-03-11 12:00:00+00:00,0.024
2020-03-11 18:00:00+00:00,0.02456
2020-03-12 00:00:00+00:00,0.02377
2020-03-12 12:00:00+00:00,0.0232
2020-03-12 18:00:00+00:00,0.02244
2020-03-13 00:00:00+00:00,0.02355
2020-03-13 12:00:00+00:00,0.0239
2020-03-13 18:00:00+00:00,0.02402
2020-03-14 00:00:00+00:00,0.02401
2020-03-14 06:00:00+00:00,0.0236
2020-03-14 18:00:00+00:00,0.02369
2020-03-15 00:00:00+00:00,0.02334
2020-03-15 06:00:00+00:00,0.02323
2020-03-15 12:00:00+00:00,0.02318
2020-03-15 18:00:00+00:00,0.0231
2020-03-16 00:00:00+00:00,0.02258
2020-03-17 06:00:00+00:00,0.022
2020-03-18 00:00:00+00:00,0.02192
2020-03-18 18:00:00+00:00,0.02193
2020-03-19 06:00:00+00:00,0.02208
2020-03-20 06:00:00+00:00,0.02187
2020-03-26 18:00:00+00:00,0.02057
2020-03-27 18:00:00+00:00,0.02064
2020-03-28 12:00:00+00:00,0.02075
2020-04-01 18:00:00+00:00,0.02042
2020-04-02 06:00:00+00:00,0.02059
2020-04-04 00:00:00+00:00,0.02084
2020-04-05 12:00:00+00:00,0.02109
2020-04-06 06:00:00+00:00,0.02174
2020-04-06 12:00:00+00:00,0.02301
2020-04-06 18:00:00+00:00,0.02335
2020-04-07 00:00:00+00:00,0.02339
2020-04-07 06:00:00+00:00,0.02337
2020-04-07 18:00:00+00:00,0.02285
2020-04-08 00:00:00+00:00,0.02348
2020-04-08 06:00:00+00:00,0.02312
2020-04-08 12:00:00+00:00,0.02332
2020-04-08 18:00:00+00:00,0.0235
2020-04-09 06:00:00+00:00,0.02336
2020-04-09 18:00:00+00:00,0.02327
2020-04-10 00:00:00+00:00,0.02313
2020-04-10 06:00:00+00:00,0.0229
2020-04-10 12:00:00+00:00,0.02293
2020-04-11 00:00:00+00:00,0.02321
2020-04-11 06:00:00+00:00,0.02311
2020-04-11 12:00:00+00:00,0.02296
2020-04-11 18:00:00+00:00,0.02302
2020-04-12 00:00:00+00:00,0.02299
2020-04-12 06:00:00+00:00,0.02309
2020-04-12 18:00:00+00:00,0.023
2020-04-13 06:00:00+00:00,0.02291
2020-04-13 18:00:00+00:00,0.02286
2020-04-14 18:00:00+00:00,0.02306
2020-04-15 00:00:00+00:00,0.02325
2020-04-15 12:00:00+00:00,0.0233
2020-04-15 18:00:00+00:00,0.02307
2020-04-16 06:00:00+00:00,0.02419
2020-04-16 12:00:00+00:00,0.02437
2020-04-16 18:00:00+00:00,0.02427
2020-04-17 00:00:00+00:00,0.02415
2020-04-17 06:00:00+00:00,0.02396
2020-04-17 12:00:00+00:00,0.02417
2020-04-17 18:00:00+00:00,0.02431
2020-04-18 00:00:00+00:00,0.02442
2020-04-18 06:00:00+00:00,0.02452
2020-04-18 12:00:00+00:00,0.02535
2020-04-19 06:00:00+00:00,0.02552
2020-04-19 18:00:00+00:00,0.02528
2020-04-21 06:00:00+00:00,0.02489
2020-04-21 12:00:00+00:00,0.02502
2020-04-21 18:00:00+00:00,0.02493
2020-04-22 06:00:00+00:00,0.02525
2020-04-23 12:00:00+00:00,0.02507
2020-04-23 18:00:00+00:00,0.02479
2020-04-24 00:00:00+00:00,0.02488
2020-04-24 06:00:00+00:00,0.02485
2020-04-24 18:00:00+00:00,0.02501
2020-04-25 06:00:00+00:00,0.02568
2020-04-25 18:00:00+00:00,0.02575
2020-04-26 18:00:00+00:00,0.02566
2020-04-27 06:00:00+00:00,0.02539
2020-04-28 12:00:00+00:00,0.02533
2020-04-28 18:00:00+00:00,0.02541
2020-04-29 12:00:00+00:00,0.02468
2020-04-29 18:00:00+00:00,0.02455
2020-04-30 00:00:00+00:00,0.02413
2020-04-30 06:00:00+00:00,0.02393
2020-04-30 12:00:00+00:00,0.02404
2020-04-30 18:00:00+00:00,0.02389
2020-05-01 00:00:00+00:00,0.0243
2020-05-01 06:00:00+00:00,0.02395
2020-05-02 00:00:00+00:00,0.02409
2020-05-02 18:00:00+00:00,0.02384
2020-05-03 00:00:00+00:00,0.02381
2020-05-03 06:00:00+00:00,0.02365
2020-05-03 12:00:00+00:00,0.02358
2020-05-04 18:00:00+00:00,0.02329
2020-05-05 00:00:00+00:00,0.02314
2020-05-05 18:00:00+00:00,0.02277
2020-05-06 00:00:00+00:00,0.02294
2020-05-06 06:00:00+00:00,0.02254
2020-05-06 12:00:00+00:00,0.02243
2020-05-07 00:00:00+00:00,0.02205
2020-05-10 06:00:00+00:00,0.02171
2020-05-11 18:00:00+00:00,0.0217
2020-05-17 18:00:00+00:00,0.02141
2020-05-22 18:00:00+00:00,0.02263
2020-05-23 00:00:00+00:00,0.02256
2020-05-24 06:00:00+00:00,0.0226
2020-05-24 12:00:00+00:00,0.02281
2020-05-24 18:00:00+00:00,0.02292
2020-05-25 12:00:00+00:00,0.02303
2020-05-25 18:00:00+00:00,0.02295
2020-05-26 06:00:00+00:00,0.02278
2020-05-26 18:00:00+00:00,0.02273
2020-05-28 06:00:00+00:00,0.02241
2020-05-28 12:00:00+00:00,0.0227
2020-05-29 00:00:00+00:00,0.02326
2020-05-29 12:00:00+00:00,0.02341
2020-05-29 18:00:00+00:00,0.02342
2020-05-30 12:00:00+00:00,0.02477
2020-05-30 18:00:00+00:00,0.02511
2020-05-31 12:00:00+00:00,0.02474
2020-06-01 00:00:00+00:00,0.02494
2020-06-01 06:00:00+00:00,0.02483
2020-06-01 12:00:00+00:00,0.02496
2020-06-02 00:00:00+00:00,0.0246
2020-06-02 12:00:00+00:00,0.02466
2020-06-03 00:00:00+00:00,0.02486
2020-06-03 18:00:00+00:00,0.02532
2020-06-04 18:00:00+00:00,0.02484
2020-06-06 00:00:00+00:00,0.02498
2020-06-06 12:00:00+00:00,0.02504
2020-06-07 18:00:00+00:00,0.02509
2020-06-09 00:00:00+00:00,0.02513
2020-06-09 06:00:00+00:00,0.02505
2020-06-10 00:00:00+00:00,0.025
2020-06-13 06:00:00+00:00,0.02503
2020-06-13 18:00:00+00:00,0.02514
2020-06-14 18:00:00+00:00,0.02482
2020-06-15 00:00:00+00:00,0.02457
2020-06-15 06:00:00+00:00,0.0245
2020-06-15 12:00:00+00:00,0.0244
2020-06-16 18:00:00+00:00,0.02471
2020-06-17 00:00:00+00:00,0.02463
2020-06-17 06:00:00+00:00,0.02464
2020-06-18 00:00:00+00:00,0.02472
2020-06-18 18:00:00+00:00,0.02465
2020-06-19 06:00:00+00:00,0.02454
2020-06-19 18:00:00+00:00,0.02459
2020-06-20 00:00:00+00:00,0.02469
2020-06-20 12:00:00+00:00,0.02449
2020-06-21 12:00:00+00:00,0.02461
2020-06-22 18:00:00+00:00,0.02512
2020-06-23 00:00:00+00:00,0.0251
2020-06-23 12:00:00+00:00,0.0252
2020-06-24 12:00:00+00:00,0.02516
2020-06-28 00:00:00+00:00,0.02439
2020-07-01 00:00:00+00:00,0.02467
2020-07-02 12:00:00+00:00,0.02491
2020-07-03 06:00:00+00:00,0.02497
2020-07-07 12:00:00+00:00,0.02584
2020-07-08 06:00:00+00:00,0.02623
2020-07-10 06:00:00+00:00,0.02596
2020-07-11 00:00:00+00:00,0.02589
2020-07-11 06:00:00+00:00,0.02592
2020-07-11 12:00:00+00:00,0.0259
2020-07-13 06:00:00+00:00,0.02629
2020-07-17 06:00:00+00:00,0.02553
2020-07-17 12:00:00+00:00,0.02545
2020-07-22 18:00:00+00:00,0.02778
2020-07-24 00:00:00+00:00,0.02864
2020-07-24 06:00:00+00:00,0.02887
2020-07-24 12:00:00+00:00,0.02919
2020-07-24 18:00:00+00:00,0.02929
2020-07-25 06:00:00+00:00,0.02952
2020-07-27 12:00:00+00:00,0.0298
2020-07-28 00:00:00+00:00,0.02913
2020-07-28 12:00:00+00:00,0.02892
2020-07-28 18:00:00+00:00,0.02904
2020-07-29 00:00:00+00:00,0.02905
2020-07-29 18:00:00+00:00,0.02866
2020-07-30 00:00:00+00:00,0.0288
2020-07-30 06:00:00+00:00,0.02908
2020-07-30 12:00:00+00:00,0.0294
2020-08-01 00:00:00+00:00,0.03066
2020-08-01 12:00:00+00:00,0.03179
2020-08-03 06:00:00+00:00,0.0348
2020-08-04 12:00:00+00:00,0.03464
2020-08-06 00:00:00+00:00,0.03394
2020-08-06 12:00:00+00:00,0.03344
2020-08-08 06:00:00+00:00,0.03324
2020-08-09 06:00:00+00:00,0.03353
2020-08-09 18:00:00+00:00,0.03338
2020-08-10 06:00:00+00:00,0.03339
2020-08-11 12:00:00+00:00,0.03357
2020-08-12 00:00:00+00:00,0.0328
2020-08-12 06:00:00+00:00,0.03331
2020-08-12 12:00:00+00:00,0.03325
2020-08-13 18:00:00+00:00,0.03606
2020-08-14 00:00:00+00:00,0.03591
2020-08-14 06:00:00+00:00,0.03638
2020-08-15 00:00:00+00:00,0.03693
2020-08-15 18:00:00+00:00,0.03649
2020-08-16 00:00:00+00:00,0.03605
2020-08-16 12:00:00+00:00,0.0364
2020-08-17 00:00:00+00:00,0.03573
2020-08-17 06:00:00+00:00,0.03597
2020-08-18 00:00:00+00:00,0.035
2020-08-18 06:00:00+00:00,0.03515
2020-08-18 12:00:00+00:00,0.03529
2020-08-18 18:00:00+00:00,0.0353
2020-08-19 00:00:00+00:00,0.03488
2020-08-19 18:00:00+00:00,0.03467
2020-08-20 12:00:00+00:00,0.03505
2020-08-21 00:00:00+00:00,0.03494
2020-08-21 18:00:00+00:00,0.03362
2020-08-22 00:00:00+00:00,0.03364
2020-08-22 18:00:00+00:00,0.03389
2020-08-23 06:00:00+00:00,0.03333
2020-08-24 00:00:00+00:00,0.03368
2020-08-26 00:00:00+00:00,0.03387
2020-08-28 06:00:00+00:00,0.03429
2020-08-31 06:00:00+00:00,0.03703
2020-08-31 12:00:00+00:00,0.03706
2020-08-31 18:00:00+00:00,0.03728
2020-09-01 00:00:00+00:00,0.03857
2020-09-01 06:00:00+00:00,0.03945
2020-09-01 12:00:00+00:00,0.03973
2020-09-01 18:00:00+00:00,0.03992
2020-09-02 00:00:00+00:00,0.04017
2020-09-02 06:00:00+00:00,0.03877
2020-09-02 12:00:00+00:00,0.038
2020-09-02 18:00:00+00:00,0.03863
2020-09-03 00:00:00+00:00,0.03834
2020-09-03 06:00:00+00:00,0.03772
2020-09-03 12:00:00+00:00,0.03743
2020-09-03 18:00:00+00:00,0.03757
2020-09-04 00:00:00+00:00,0.03773
2020-09-04 06:00:00+00:00,0.03782
2020-09-04 12:00:00+00:00,0.03689
2020-09-04 18:00:00+00:00,0.03692
2020-09-05 06:00:00+00:00,0.03481
2020-09-06 00:00:00+00:00,0.03215
2020-09-07 06:00:00+00:00,0.03347
2020-09-08 18:00:00+00:00,0.03332
2020-09-09 12:00:00+00:00,0.03422
2020-09-10 00:00:00+00:00,0.03575
2020-09-10 06:00:00+00:00,0.03549
2020-09-11 00:00:00+00:00,0.03524
2020-09-12 00:00:00+00:00,0.03579
2020-09-12 18:00:00+00:00,0.03712
2020-09-13 06:00:00+00:00,0.03603
2020-09-13 18:00:00+00:00,0.03547
2020-09-15 18:00:00+00:00,0.03379
2020-09-16 06:00:00+00:00,0.03343
2020-09-16 18:00:00+00:00,0.0333
2020-09-17 00:00:00+00:00,0.03478
2020-09-17 06:00:00+00:00,0.03518
2020-09-17 12:00:00+00:00,0.0351
2020-09-18 00:00:00+00:00,0.03523
2020-09-18 18:00:00+00:00,0.03514
2020-09-19 06:00:00+00:00,0.03474
2020-09-19 12:00:00+00:00,0.03484
2020-09-21 00:00:00+00:00,0.03417
2020-09-24 12:00:00+00:00,0.03244
2020-09-25 00:00:00+00:00,0.03202
